Workbook

Sheet Raw
A1: assessment_id | B1: month | C1: course_id | D1: batch | E1: score | F1: attendance_pct | H1: Before row count (data rows) | I1: =COUNTA(A2:A14) -> 13
A2: 1 | B2: Jan | C2: C1 | D2: Morning | E2: 72 | F2: 90 | H2: Note | I2: Raw data pasted unchanged (13 rows incl. duplicate id 12)
A3: 2 | B3: Jan | C3: C2 | D3: Evening | E3: 45 | F3: 70
A4: 3 | B4: Jan | C4: C3 | D4: Morning | E4: 65 | F4: 85
A5: 4 | B5: Jan | C5: C4 | D5: Weekend | E5: 38 | F5: 60
A6: 5 | B6: Feb | C6: C1 | D6: Evening | E6: 80 | F6: 95
A7: 6 | B7: Feb | C7: C2 | D7: Weekend | E7: 55 | F7: 80
A8: 7 | B8: Feb | C8: C3 | D8: Morning | E8: 48 | F8: 75
A9: 8 | B9: Feb | C9: C4 | D9: Evening | E9: 68 | F9: 88
A10: 9 | B10: Mar | C10: C1 | D10: Weekend | E10: 90 | F10: 98
A11: 10 | B11: Mar | C11: C2 | D11: Morning | E11: 60 | F11: 82
A12: 11 | B12: Mar | C12: C3 | D12: Evening | E12: 75 | F12: 92
A13: 12 | B13: Mar | C13: C4 | D13: Weekend | E13: 42 | F13: 65
A14: 12 | B14: Mar | C14: C4 | D14: Weekend | E14: 42 | F14: 65

Sheet Lookup
A1: course_id | B1: course | C1: department
A2: C1 | B2: Excel | C2: Business
A3: C2 | B3: PowerBI | C3: Business
A4: C3 | B4: SQL | C4: Technology
A5: C4 | B5: Python | C5: Technology

Sheet Clean
A1: assessment_id | B1: month | C1: course_id | D1: batch | E1: score | F1: attendance_pct | G1: department | H1: pass_flag | J1: Before row count | K1: =Raw!I1 -> 13
A2: 1 | B2: Jan | C2: C1 | D2: Morning | E2: 72 | F2: 90 | G2: =INDEX(Lookup!$C$2:$C$5,MATCH(C2,Lookup!$A$2:$A$5,0)) -> Business | H2: =IF(E2>=50,1,0) -> 1 | J2: After row count | K2: =COUNTA(A2:A13) -> 12
A3: 2 | B3: Jan | C3: C2 | D3: Evening | E3: 45 | F3: 70 | G3: =INDEX(Lookup!$C$2:$C$5,MATCH(C3,Lookup!$A$2:$A$5,0)) -> Business | H3: =IF(E3>=50,1,0) -> 0 | J3: Duplicates removed | K3: =K1-K2 -> 1
A4: 3 | B4: Jan | C4: C3 | D4: Morning | E4: 65 | F4: 85 | G4: =INDEX(Lookup!$C$2:$C$5,MATCH(C4,Lookup!$A$2:$A$5,0)) -> Technology | H4: =IF(E4>=50,1,0) -> 1 | J4: Note: department via INDEX/MATCH on course_id (XLOOKUP equivalent); pass_flag = IF(score>=50,1,0)
A5: 4 | B5: Jan | C5: C4 | D5: Weekend | E5: 38 | F5: 60 | G5: =INDEX(Lookup!$C$2:$C$5,MATCH(C5,Lookup!$A$2:$A$5,0)) -> Technology | H5: =IF(E5>=50,1,0) -> 0
A6: 5 | B6: Feb | C6: C1 | D6: Evening | E6: 80 | F6: 95 | G6: =INDEX(Lookup!$C$2:$C$5,MATCH(C6,Lookup!$A$2:$A$5,0)) -> Business | H6: =IF(E6>=50,1,0) -> 1
A7: 6 | B7: Feb | C7: C2 | D7: Weekend | E7: 55 | F7: 80 | G7: =INDEX(Lookup!$C$2:$C$5,MATCH(C7,Lookup!$A$2:$A$5,0)) -> Business | H7: =IF(E7>=50,1,0) -> 1
A8: 7 | B8: Feb | C8: C3 | D8: Morning | E8: 48 | F8: 75 | G8: =INDEX(Lookup!$C$2:$C$5,MATCH(C8,Lookup!$A$2:$A$5,0)) -> Technology | H8: =IF(E8>=50,1,0) -> 0
A9: 8 | B9: Feb | C9: C4 | D9: Evening | E9: 68 | F9: 88 | G9: =INDEX(Lookup!$C$2:$C$5,MATCH(C9,Lookup!$A$2:$A$5,0)) -> Technology | H9: =IF(E9>=50,1,0) -> 1
A10: 9 | B10: Mar | C10: C1 | D10: Weekend | E10: 90 | F10: 98 | G10: =INDEX(Lookup!$C$2:$C$5,MATCH(C10,Lookup!$A$2:$A$5,0)) -> Business | H10: =IF(E10>=50,1,0) -> 1
A11: 10 | B11: Mar | C11: C2 | D11: Morning | E11: 60 | F11: 82 | G11: =INDEX(Lookup!$C$2:$C$5,MATCH(C11,Lookup!$A$2:$A$5,0)) -> Business | H11: =IF(E11>=50,1,0) -> 1
A12: 11 | B12: Mar | C12: C3 | D12: Evening | E12: 75 | F12: 92 | G12: =INDEX(Lookup!$C$2:$C$5,MATCH(C12,Lookup!$A$2:$A$5,0)) -> Technology | H12: =IF(E12>=50,1,0) -> 1
A13: 12 | B13: Mar | C13: C4 | D13: Weekend | E13: 42 | F13: 65 | G13: =INDEX(Lookup!$C$2:$C$5,MATCH(C13,Lookup!$A$2:$A$5,0)) -> Technology | H13: =IF(E13>=50,1,0) -> 0

Sheet Summary
A1: E2: Passing assessments by batch (COUNTIFS on pass_flag = 1)
A2: Batch | B2: Passing assessments | C2: Total assessments | D2: Pass rate
A3: Morning | B3: =COUNTIFS(Clean!$D$2:$D$13,A3,Clean!$H$2:$H$13,1) -> 3 | C3: =COUNTIFS(Clean!$D$2:$D$13,A3) -> 4 | D3: =IF(C3=0,0,B3/C3) -> 0.75
A4: Evening | B4: =COUNTIFS(Clean!$D$2:$D$13,A4,Clean!$H$2:$H$13,1) -> 3 | C4: =COUNTIFS(Clean!$D$2:$D$13,A4) -> 4 | D4: =IF(C4=0,0,B4/C4) -> 0.75
A5: Weekend | B5: =COUNTIFS(Clean!$D$2:$D$13,A5,Clean!$H$2:$H$13,1) -> 2 | C5: =COUNTIFS(Clean!$D$2:$D$13,A5) -> 4 | D5: =IF(C5=0,0,B5/C5) -> 0.5
A6: Total | B6: =SUM(B3:B5) -> 8 | C6: =SUM(C3:C5) -> 12 | D6: =B6/C6 -> 0.66666667
A8: E3: Average score by Department (rows) x Month (columns, Jan -> Feb -> Mar)
A9: Department | B9: Jan | C9: Feb | D9: Mar
A10: Business | B10: =AVERAGEIFS(Clean!$E$2:$E$13,Clean!$G$2:$G$13,$A10,Clean!$B$2:$B$13,B$9) -> 58.5 | C10: =AVERAGEIFS(Clean!$E$2:$E$13,Clean!$G$2:$G$13,$A10,Clean!$B$2:$B$13,C$9) -> 67.5 | D10: =AVERAGEIFS(Clean!$E$2:$E$13,Clean!$G$2:$G$13,$A10,Clean!$B$2:$B$13,D$9) -> 75
A11: Technology | B11: =AVERAGEIFS(Clean!$E$2:$E$13,Clean!$G$2:$G$13,$A11,Clean!$B$2:$B$13,B$9) -> 51.5 | C11: =AVERAGEIFS(Clean!$E$2:$E$13,Clean!$G$2:$G$13,$A11,Clean!$B$2:$B$13,C$9) -> 58 | D11: =AVERAGEIFS(Clean!$E$2:$E$13,Clean!$G$2:$G$13,$A11,Clean!$B$2:$B$13,D$9) -> 58.5
A13: Cross-tool reconciliation: Technology avg score | B13: =ROUND(AVERAGEIFS(Clean!$E$2:$E$13,Clean!$G$2:$G$13,"Technology"),2) -> 56
A14: Overall pass rate (all 12) | B14: =SUM(Clean!$H$2:$H$13)/COUNTA(Clean!$A$2:$A$13) -> 0.66666667
A16: NOTE: The table above (A9:D11) is the pivot-style summary built with live AVERAGEIFS formulas. A native PivotTable (Insert > PivotTable on Clean: Rows=department, Columns=month, Values=Average of score) can be placed at F9; see README.
